Source,Target
134239948,@hmureithi
134239948,@kenyans
4083458907,@oleitumbi
4083458907,@williamsruto
1357591577925935104,@oleitumbi
1357591577925935104,@williamsruto
1533716420772646912,@oleitumbi
1533716420772646912,@williamsruto
1088085142994935808,@oleitumbi
1088085142994935808,@williamsruto
1106310289711120384,@oleitumbi
1106310289711120384,@williamsruto
1524933644879536128,@
1385507560791363584,@oleitumbi
1385507560791363584,@williamsruto
4460304316,@oleitumbi
4460304316,@williamsruto
4083458907,@oleitumbi
4083458907,@williamsruto
2342778935,@oleitumbi
2342778935,@williamsruto
337594729,@oleitumbi
337594729,@williamsruto
1106310289711120384,@oleitumbi
1106310289711120384,@williamsruto
1077301359949565952,@williamsruto
1077301359949565952,@biancawamu
1077301359949565952,@peterratemo4
1077301359949565952,@oleitumbi
1077301359949565952,@husseinmohamedg
1077301359949565952,@wmmartha
3246542092,@williamsruto
3246542092,@rigathi
383720798,@nduyamuthama
1445090591155658752,@nduyamuthama
147566735,@standardkenya
1365743143044399104,@donaldbkipkorir
1484089031625482240,@alexawiti
1501458464354279424,@womenruto
1501458464354279424,@isaackmutai9
1501458464354279424,@womenruto
2889508539,@railaodinga
2889508539,@williamsruto
1522851617661464576,@railaodinga
1522851617661464576,@williamsruto
440172735,@railaodinga
440172735,@williamsruto
1259473093166333952,@railaodinga
1259473093166333952,@williamsruto
2264467486,@railaodinga
2264467486,@williamsruto
902519384253575168,@railaodinga
902519384253575168,@williamsruto
339547323,@railaodinga
339547323,@williamsruto
914628382222057472,@railaodinga
914628382222057472,@williamsruto
4008191729,@railaodinga
4008191729,@williamsruto
783949670120820736,@railaodinga
783949670120820736,@williamsruto
796229131662979072,@railaodinga
796229131662979072,@williamsruto
1314167216275939328,@railaodinga
1314167216275939328,@williamsruto
1240919230612213760,@railaodinga
1240919230612213760,@williamsruto
4392898757,@railaodinga
4392898757,@williamsruto
2906803496,@railaodinga
2906803496,@williamsruto
953297736924884992,@railaodinga
953297736924884992,@williamsruto
585863716,@railaodinga
585863716,@williamsruto
703846714633879552,@railaodinga
703846714633879552,@williamsruto
566181766,@railaodinga
566181766,@williamsruto
1141357401309896704,@railaodinga
1141357401309896704,@williamsruto
1207502099417849856,@railaodinga
1207502099417849856,@williamsruto
1276996006987661312,@railaodinga
1276996006987661312,@williamsruto
501725961,@railaodinga
501725961,@williamsruto
487523593,@railaodinga
487523593,@williamsruto
1500779673806123008,@railaodinga
1500779673806123008,@williamsruto
257944100,@railaodinga
257944100,@williamsruto
1509543561242591232,@railaodinga
1509543561242591232,@williamsruto
1032962263819411456,@railaodinga
1032962263819411456,@williamsruto
264175421,@railaodinga
264175421,@williamsruto
1249246260,@railaodinga
1249246260,@williamsruto
1091292192,@railaodinga
1091292192,@williamsruto
1196650383533363200,@railaodinga
1196650383533363200,@williamsruto
562733409,@railaodinga
562733409,@williamsruto
1500044171733831680,@railaodinga
1500044171733831680,@williamsruto
955187853537005568,@railaodinga
955187853537005568,@williamsruto
1410314204377124864,@williamsruto
390840884,@williamsruto
1301795753363419136,@williamsruto
2926864057,@williamsruto
1470867587995156480,@williamsruto
765175099930603520,@williamsruto
1268504966941020160,@williamsruto
1339638370557898752,@williamsruto
216069518,@williamsruto
1298971677699772416,@gunnerafrican
1298971677699772416,@husseinmohamedg
1298971677699772416,@sakajajohnson
1298971677699772416,@udakenya
1160054473475186688,@williamsruto
1324395618,@williamsruto
1262257822886252544,@williamsruto
724705775495569408,@williamsruto
1441816369788452864,@williamsruto
796229131662979072,@williamsruto
1343862429374160896,@williamsruto
517331956,@williamsruto
795598175499386880,@williamsruto
279613200,@williamsruto
1301202966293155840,@williamsruto
140357253,@williamsruto
977549394655539200,@williamsruto
1463251553511370752,@gunnerafrican
1463251553511370752,@husseinmohamedg
1463251553511370752,@sakajajohnson
1463251553511370752,@udakenya
785038700652748800,@williamsruto
1295032579,@williamsruto
954251091771908096,@gunnerafrican
954251091771908096,@husseinmohamedg
954251091771908096,@sakajajohnson
954251091771908096,@udakenya
124429124,@williamsruto
2246570950,@gunnerafrican
2246570950,@husseinmohamedg
2246570950,@sakajajohnson
2246570950,@udakenya
951672404396429312,@williamsruto
1044883577798893568,@williamsruto
1240919230612213760,@williamsruto
1526888906683211776,@williamsruto
1138861973326782464,@williamsruto
1278092077004468224,@williamsruto
325399052,@williamsruto
895651580099297280,@williamsruto
39303612,@williamsruto
914416013164384256,@williamsruto
1563813548,@williamsruto
879256330246250496,@williamsruto
1041464369404506112,@williamsruto
1260622183879127040,@williamsruto
736096856606834688,@williamsruto
1709442834,@williamsruto
499832520,@williamsruto
904780092001230848,@williamsruto
256145719,@williamsruto
819537404474388480,@williamsruto
385374019,@williamsruto
468246932,@williamsruto
1385644512400363520,@williamsruto
267404703,@williamsruto
994277262789959680,@williamsruto
342084869,@williamsruto
2745170855,@williamsruto
1318635810837663744,@williamsruto
1182780427255341056,@williamsruto
1448748455766249472,@williamsruto
1415271958548209664,@williamsruto
1267438054660345856,@williamsruto
202243410,@williamsruto
1186863933082263552,@williamsruto
1477907867546144768,@williamsruto
1478359370949931008,@williamsruto
1828892059,@williamsruto
243769015,@williamsruto
4145432705,@williamsruto
1294977371989213184,@williamsruto
1088458906177662976,@williamsruto
817097345892487168,@williamsruto
270831181,@williamsruto
980517498272604160,@williamsruto
1043941509169643520,@williamsruto
1003044760431546368,@williamsruto
3315158973,@williamsruto
2436739682,@williamsruto
34962084,@williamsruto
1509081438410489856,@williamsruto
785897192267669504,@williamsruto
1039552998060556288,@williamsruto
3020280357,@williamsruto
1193040632,@williamsruto
1453321042802401280,@williamsruto
203825001,@williamsruto
2682175866,@williamsruto
1969017410,@williamsruto
792807125626003456,@williamsruto
2958751840,@williamsruto
1263169004321071104,@williamsruto
3823888215,@williamsruto
1326730158879936512,@williamsruto
1475159683367411712,@williamsruto
772152631007510528,@williamsruto
1254856633424982016,@williamsruto
218544686,@williamsruto
341068525,@williamsruto
807313986484137984,@williamsruto
1330932338587561984,@williamsruto
1267453199704903680,@williamsruto
2341999346,@williamsruto
755645818422628352,@williamsruto
953297736924884992,@williamsruto
3391686209,@williamsruto
928648501613027328,@williamsruto
1221911399468847104,@williamsruto
566181766,@williamsruto
566181766,@williamsruto
1219304109054054400,@williamsruto
4392898757,@williamsruto
702145297225535488,@williamsruto
549968240,@williamsruto
152181438,@williamsruto
1314383330,@williamsruto
243641368,@williamsruto
1336002016796172288,@williamsruto
1213110193036218368,@williamsruto
1109672282,@williamsruto
1270411683169742848,@williamsruto
1010841207235383296,@williamsruto
1087249648358752256,@williamsruto
2264467486,@williamsruto
1437995413,@williamsruto
734825869022265344,@williamsruto
1351467913367089152,@williamsruto
1020701191452471296,@williamsruto
1162352059556999168,@williamsruto
773949072,@williamsruto
914628382222057472,@williamsruto
940013503087284224,@williamsruto
835103019855405056,@williamsruto
1170402759000166400,@williamsruto
1183291227757862912,@williamsruto
2319017782,@williamsruto
1275355282051346432,@williamsruto
365592558,@williamsruto
918559775306276864,@williamsruto
1438836134516232192,@williamsruto
1087620845453934592,@williamsruto
1477593005418856448,@williamsruto
933303535642476544,@williamsruto
399044866,@williamsruto
1259500757612670976,@williamsruto
1670683963,@williamsruto
913347002204901376,@williamsruto
1239163862601142272,@williamsruto
4510747396,@williamsruto
606524167,@williamsruto
1500044171733831680,@williamsruto
1429963792646119424,@williamsruto
743802291099144192,@williamsruto
216809777,@williamsruto
1378354093681479680,@williamsruto
1422162942305443840,@williamsruto
1529825510712176640,@williamsruto
1155540297444708352,@williamsruto
1530216656617844736,@williamsruto
1505738867441377280,@williamsruto
2537234963,@williamsruto
2610188270,@williamsruto
3490655134,@williamsruto
1490881328,@williamsruto
1237472273013055488,@williamsruto
1276996006987661312,@williamsruto
1397817737402068992,@williamsruto
924960490643689472,@williamsruto
1202358821227843584,@williamsruto
1479370249631932416,@williamsruto
2929252750,@williamsruto
2782477946,@williamsruto
218383839,@williamsruto
1510791482734743552,@williamsruto
1433377437295992832,@williamsruto
3255314446,@williamsruto
819177433127591936,@williamsruto
264764057,@williamsruto
1425118747992412160,@williamsruto
2267336859,@williamsruto
633145155,@williamsruto
3602768838,@williamsruto
469540013,@williamsruto
1101868129,@williamsruto
932627702837805056,@williamsruto
452242832,@williamsruto
1135863677738016768,@williamsruto
1413042578686156800,@williamsruto
1488152872634261504,@williamsruto
961644989771022336,@williamsruto
781751568349659136,@williamsruto
1372853560220786688,@williamsruto
83797492,@williamsruto
123837178,@williamsruto
1128952871209394176,@williamsruto
954251091771908096,@williamsruto
1056574623221989376,@williamsruto
1172439818703257600,@williamsruto
1445090591155658752,@nduyamuthama
1095591632152469504,@williamsruto
2405066607,@williamsruto
714157131042332672,@williamsruto
848802793104093184,@williamsruto
66973927,@williamsruto
842388135426326528,@williamsruto
953279038138781696,@williamsruto
1453232840456478720,@williamsruto
1270287150647517184,@williamsruto
390858566,@williamsruto
1506291998298361856,@williamsruto
1175382081758814208,@williamsruto
1499772780144902144,@williamsruto
3009715384,@williamsruto
3632986397,@williamsruto
1562780756,@williamsruto
978622852659281920,@williamsruto
826753940125519872,@williamsruto
609210938,@williamsruto
1537065858,@williamsruto
863834392220884992,@williamsruto
1154766015378669568,@williamsruto
3165816080,@williamsruto
1400404795031175168,@williamsruto
1122877167057158144,@williamsruto
801334893196275712,@williamsruto
1232719409560653824,@williamsruto
996072396292546560,@williamsruto
1404695980621058048,@williamsruto
1207502099417849856,@williamsruto
1320024669676883968,@williamsruto
3300351310,@williamsruto
904950292113969152,@williamsruto
476094022,@williamsruto
2474666621,@williamsruto
47953133,@williamsruto
1041277727523987456,@williamsruto
1523941196615323648,@williamsruto
973888984156987392,@williamsruto
1168381022804828160,@williamsruto
788665806443913216,@williamsruto
90391467,@williamsruto
1494374099438772224,@williamsruto
2533359417,@williamsruto
1118624451564851200,@williamsruto
1419991829462847488,@williamsruto
185195661,@williamsruto
1032962263819411456,@williamsruto
202149738,@williamsruto
3413089996,@williamsruto
1501498928306561024,@williamsruto
4104937337,@williamsruto
3162366058,@williamsruto
543181820,@williamsruto
1091292192,@williamsruto
1418593658111156224,@williamsruto
796213796243181568,@williamsruto
331027062,@williamsruto
1354870867122151424,@williamsruto
1110483536161792000,@williamsruto
133430476,@williamsruto
3301475844,@williamsruto
548237267,@williamsruto
68382599,@williamsruto
606111244,@williamsruto
606111244,@railaodinga
1128638465896325120,@evans_miloo
874237330739122176,@williamsruto
874237330739122176,@railaodinga
2392309662,@williamsruto
471835406,@williamsruto
2225542174,@williamsruto
1246104677898506240,@williamsruto
1445090591155658752,@nduyamuthama
452242832,@mwalimu_amunga
452242832,@sakajajohnson
34365725,@williamsruto
34365725,@railaodinga
902519384253575168,@williamsruto
1511750545173848064,@mwalimu_amunga
1511750545173848064,@sakajajohnson
1222275839494180864,@mwalimu_amunga
1222275839494180864,@sakajajohnson
1499772780144902144,@mwalimu_amunga
1499772780144902144,@sakajajohnson
2392309662,@mwalimu_amunga
2392309662,@sakajajohnson
910888591592697856,@mwalimu_amunga
910888591592697856,@sakajajohnson
1381203332174336000,@mwalimu_amunga
1381203332174336000,@sakajajohnson
1128952871209394176,@mwalimu_amunga
1128952871209394176,@sakajajohnson
2246570950,@mwalimu_amunga
2246570950,@sakajajohnson
1262257822886252544,@mwalimu_amunga
1262257822886252544,@sakajajohnson
228580505,@mwalimu_amunga
228580505,@sakajajohnson
1192894938108878848,@musaliamudavadi
1192894938108878848,@williamsruto
1192894938108878848,@sakajajohnson
1192894938108878848,@mwalimu_amunga
1192894938108878848,@sakajajohnson
1264280735164366848,@musaliamudavadi
1264280735164366848,@williamsruto
1264280735164366848,@sakajajohnson
1192891412339183616,@musaliamudavadi
1192891412339183616,@williamsruto
1192891412339183616,@sakajajohnson
1192891412339183616,@mwalimu_amunga
1192891412339183616,@sakajajohnson
2952785068,@musaliamudavadi
2952785068,@williamsruto
2952785068,@sakajajohnson
2952785068,@mwalimu_amunga
2952785068,@sakajajohnson
1525816503081345024,@williamsruto
609210938,@williamsruto
609210938,@williamsruto
609210938,@railaodinga
1221911399468847104,@williamsruto
1221911399468847104,@railaodinga
1221911399468847104,@
1647817903,@
1647817903,@williamsruto
914240676249980928,@kenyakwanza
914240676249980928,@udakenya
635548922,@williamsruto
635548922,@railaodinga
1455521153242513408,@crystalbeautypl
2436739682,@williamsruto
1360296311250124800,@williamsruto
1360296311250124800,@railaodinga
1360296311250124800,@williamsruto
1360296311250124800,@kbonimtetezi
1360296311250124800,@ahmednasirlaw
3425327759,@williamsruto
3425327759,@railaodinga
1451074937268146176,@williamsruto
1451074937268146176,@railaodinga
896311777868304384,@williamsruto
896311777868304384,@railaodinga
724705775495569408,@williamsruto
724705775495569408,@railaodinga
724705775495569408,@
517331956,@williamsruto
517331956,@railaodinga
1495401419867926528,@williamsruto
1495401419867926528,@railaodinga
1301795753363419136,@williamsruto
1301795753363419136,@railaodinga
537898048,@
950596821528793088,@williamsruto
950596821528793088,@
2207518720,@nelsonhavi
914240676249980928,@kenyakwanza
914240676249980928,@udakenya
331736617,@williamsruto
331736617,@railaodinga
1897240915,@williamsruto
1897240915,@railaodinga
2929252750,@
4513741397,@williamsruto
4513741397,@railaodinga
2267336859,@williamsruto
2267336859,@railaodinga
1487804318652809216,@
3134755743,@williamsruto
3134755743,@railaodinga
1229769149188124672,@
3677470348,@musaliamudavadi
3677470348,@williamsruto
3677470348,@sakajajohnson
3677470348,@mwalimu_amunga
3677470348,@sakajajohnson
1182780427255341056,@williamsruto
1182780427255341056,@railaodinga
1086518679309815808,@williamsruto
1086518679309815808,@railaodinga
1400404795031175168,@
826338233311182848,@williamsruto
826338233311182848,@railaodinga
735503595991371776,@williamsruto
735503595991371776,@railaodinga
2194145797,@williamsruto
2194145797,@railaodinga
1296560876296835072,@williamsruto
1296560876296835072,@railaodinga
1306170881438355456,@williamsruto
1306170881438355456,@railaodinga
395422054,@williamsruto
395422054,@railaodinga
40168697,@williamsruto
40168697,@
2929252750,@williamsruto
2929252750,@railaodinga
2929252750,@williamsruto
832205527362867200,@mwalimu_amunga
832205527362867200,@sakajajohnson
937694810433097728,@williamsruto
937694810433097728,@railaodinga
1223892743816204288,@
2195601763,@
1506291998298361856,@williamsruto
1506291998298361856,@railaodinga
1010175269364256768,@
2267336859,@
1333319417976016896,@williamsruto
1333319417976016896,@railaodinga
1530216656617844736,@
1157050422,@williamsruto
1157050422,@railaodinga
1530115938732883968,@
912325619157012480,@williamsruto
912325619157012480,@railaodinga
416986001,@williamsruto
416986001,@railaodinga
1530115938732883968,@dr_mutaieric
1530115938732883968,@koechnelsonk
1530115938732883968,@aaroncheruiyot
1530115938732883968,@rigathgachagua
1469256265117360128,@williamsruto
1469256265117360128,@railaodinga
1190978384,@williamsruto
1190978384,@railaodinga
476563121,@williamsruto
476563121,@railaodinga
913347002204901376,@
1479370249631932416,@williamsruto
1479370249631932416,@railaodinga
980517498272604160,@
1376833278381015040,@williamsruto
1376833278381015040,@railaodinga
835103019855405056,@
719705020,@
1463734156463161344,@williamsruto
1463734156463161344,@railaodinga
3020280357,@williamsruto
3020280357,@railaodinga
1467423958098190336,@williamsruto
1467423958098190336,@railaodinga
3255314446,@
1454414562871189504,@williamsruto
1454414562871189504,@railaodinga
1187661639371374592,@williamsruto
1187661639371374592,@railaodinga
564665735,@williamsruto
564665735,@railaodinga
1130137267195064320,@williamsruto
1130137267195064320,@railaodinga
936224340072390656,@williamsruto
936224340072390656,@railaodinga
1513084194221666304,@williamsruto
1513084194221666304,@railaodinga
4600570889,@williamsruto
4600570889,@railaodinga
1422162942305443840,@
2528267698,@williamsruto
2528267698,@railaodinga
366300522,@williamsruto
366300522,@railaodinga
366300522,@
954251091771908096,@
1453232840456478720,@
2719480965,@williamsruto
2719480965,@railaodinga
1150123559731286016,@
1172339870,@
1215439676,@williamsruto
1215439676,@railaodinga
1431629823525462016,@williamsruto
819177433127591936,@williamsruto
819177433127591936,@williamsruto
819177433127591936,@railaodinga
1295032579,@williamsruto
1295032579,@railaodinga
1212364097003511808,@
1188357065573650432,@williamsruto
1188357065573650432,@railaodinga
216069518,@williamsruto
216069518,@railaodinga
4855128472,@williamsruto
4855128472,@railaodinga
527314875,@williamsruto
527314875,@railaodinga
955156333485068288,@mwalimu_amunga
955156333485068288,@sakajajohnson
1259401796830846976,@williamsruto
1259401796830846976,@railaodinga
1182780427255341056,@williamsruto
1220264749289656320,@williamsruto
1220264749289656320,@railaodinga
1490274006238388224,@
1220264749289656320,@
1415271958548209664,@williamsruto
1415271958548209664,@railaodinga
3321038232,@williamsruto
3321038232,@railaodinga
1162352059556999168,@
707573011466031104,@
1285722866,@williamsruto
1285722866,@railaodinga
536076309,@
902519384253575168,@
1016559101390749696,@williamsruto
1016559101390749696,@railaodinga
1262257822886252544,@
2405066607,@mwalimu_amunga
2405066607,@sakajajohnson
34962084,@williamsruto
34962084,@railaodinga
954251091771908096,@mwalimu_amunga
954251091771908096,@sakajajohnson
924917498,@williamsruto
924917498,@railaodinga
1523523119289352192,@williamsruto
1523523119289352192,@railaodinga
1523523119289352192,@
1431629823525462016,@
1670683963,@
103802543,@williamsruto
103802543,@railaodinga
1210574636,@
103802543,@
1475159683367411712,@
4008191729,@
1563813548,@
1032962263819411456,@
3020280357,@williamsruto
386387195,@
43661074,@williamsruto
43661074,@williamsruto
43661074,@railaodinga
1530240160079691776,@oleitumbi
1009076134401728512,@
746217570156482560,@
1448748455766249472,@
1264649628298940416,@
937757417240064000,@williamsruto
937757417240064000,@railaodinga
1219304109054054400,@williamsruto
1219304109054054400,@railaodinga
2437004887,@
895651580099297280,@
1171338597502476288,@
2554635290,@
1168381022804828160,@
893078780943765504,@
4145432705,@williamsruto
68382599,@
838410058014801920,@williamsruto
838410058014801920,@railaodinga
2246570950,@sakajajohnson
1346303719,@williamsruto
1346303719,@railaodinga
999409407028088832,@williamsruto
1340883594496139264,@williamsruto
1340883594496139264,@railaodinga
202833828,@williamsruto
202833828,@railaodinga
1899680726,@williamsruto
1899680726,@railaodinga
583667925,@williamsruto
583667925,@railaodinga
1563813548,@williamsruto
1563813548,@railaodinga
255098080,@williamsruto
255098080,@railaodinga
1501498928306561024,@williamsruto
1501498928306561024,@railaodinga
472859663,@williamsruto
472859663,@railaodinga
472859663,@williamsruto
1519679280711716864,@williamsruto
1519679280711716864,@railaodinga
1245751784104230912,@williamsruto
1245751784104230912,@railaodinga
988307100,@williamsruto
1262257822886252544,@williamsruto
951478057,@williamsruto
951478057,@railaodinga
953297736924884992,@williamsruto
953297736924884992,@railaodinga
1210574636,@williamsruto
1210574636,@railaodinga
1501498928306561024,@williamsruto
707573011466031104,@williamsruto
707573011466031104,@railaodinga
1262257822886252544,@williamsruto
1262257822886252544,@railaodinga
1210574636,@williamsruto
1103586017406259200,@williamsruto
1103586017406259200,@williamsruto
1103586017406259200,@railaodinga
1378354093681479680,@williamsruto
1378354093681479680,@railaodinga
914628382222057472,@williamsruto
914628382222057472,@railaodinga
1090115402687045632,@williamsruto
1090115402687045632,@railaodinga
1336002016796172288,@williamsruto
336994489,@williamsruto
336994489,@railaodinga
3393558105,@williamsruto
3393558105,@railaodinga
833551003676979200,@williamsruto
833551003676979200,@railaodinga
2882803068,@williamsruto
2882803068,@railaodinga
1477593005418856448,@williamsruto
1280939030377611264,@williamsruto
1477593005418856448,@williamsruto
1477593005418856448,@railaodinga
836557643502272512,@williamsruto
836557643502272512,@railaodinga
152181438,@williamsruto
152181438,@railaodinga
996072396292546560,@williamsruto
2155644233,@williamsruto
2155644233,@railaodinga
949834867,@williamsruto
949834867,@railaodinga
15915563,@williamsruto
996072396292546560,@williamsruto
996072396292546560,@railaodinga
15915563,@williamsruto
15915563,@railaodinga
836557643502272512,@williamsruto
2413095144,@williamsruto
2413095144,@railaodinga
1172339870,@williamsruto
1440413993080737792,@williamsruto
1440413993080737792,@railaodinga
2964287212,@williamsruto
2964287212,@railaodinga
1280939030377611264,@williamsruto
1280939030377611264,@railaodinga
1110483536161792000,@williamsruto
1091292192,@williamsruto
1091292192,@railaodinga
1493088219990306816,@williamsruto
1493088219990306816,@railaodinga
1351467913367089152,@williamsruto
1351467913367089152,@railaodinga
3170166473,@williamsruto
3170166473,@railaodinga
1032962263819411456,@williamsruto
1032962263819411456,@williamsruto
1032962263819411456,@railaodinga
1162352059556999168,@williamsruto
1162352059556999168,@williamsruto
1162352059556999168,@railaodinga
904950292113969152,@williamsruto
904950292113969152,@williamsruto
904950292113969152,@railaodinga
1085444356054704128,@williamsruto
1085444356054704128,@railaodinga
3301475844,@williamsruto
3301475844,@railaodinga
1249246260,@williamsruto
1249246260,@railaodinga
1087620845453934592,@williamsruto
1087620845453934592,@railaodinga
953297736924884992,@williamsruto
769870766,@williamsruto
769870766,@railaodinga
1081261356291108864,@williamsruto
1081261356291108864,@railaodinga
1487324142852583424,@williamsruto
1487324142852583424,@railaodinga
1709442834,@williamsruto
452242832,@williamsruto
452242832,@williamsruto
452242832,@railaodinga
1709442834,@williamsruto
1709442834,@railaodinga
3398520663,@williamsruto
3398520663,@railaodinga
1501136235842129920,@williamsruto
1501136235842129920,@railaodinga
914416013164384256,@williamsruto
1128952871209394176,@williamsruto
1128952871209394176,@railaodinga
1507633106907508736,@williamsruto
1507633106907508736,@railaodinga
1370982717395984384,@williamsruto
1370982717395984384,@railaodinga
1128952871209394176,@williamsruto
1530216656617844736,@williamsruto
1530216656617844736,@williamsruto
1530216656617844736,@railaodinga
1422162942305443840,@williamsruto
1422162942305443840,@railaodinga
914416013164384256,@williamsruto
914416013164384256,@railaodinga
807282746569723904,@williamsruto
807282746569723904,@railaodinga
352958065,@williamsruto
283499192,@williamsruto
283499192,@railaodinga
97443396,@williamsruto
97443396,@railaodinga
902379652978794496,@williamsruto
902379652978794496,@railaodinga
806168491661361152,@williamsruto
2197144079,@williamsruto
566181766,@williamsruto
566181766,@railaodinga
835103019855405056,@williamsruto
835103019855405056,@williamsruto
835103019855405056,@railaodinga
954251091771908096,@williamsruto
954251091771908096,@railaodinga
1143527220784304128,@williamsruto
1143527220784304128,@railaodinga
1428730092243591168,@williamsruto
1428730092243591168,@railaodinga
99850898,@williamsruto
99850898,@railaodinga
1150123559731286016,@williamsruto
1150123559731286016,@railaodinga
2331682156,@williamsruto
2331682156,@railaodinga
1207502099417849856,@williamsruto
1207502099417849856,@railaodinga
784689420385521664,@williamsruto
784689420385521664,@railaodinga
1709642160,@williamsruto
1709642160,@railaodinga
953279038138781696,@williamsruto
953279038138781696,@railaodinga
953846779648397312,@williamsruto
953846779648397312,@railaodinga
848098918403538944,@williamsruto
848098918403538944,@railaodinga
464866496,@williamsruto
464866496,@railaodinga
39303612,@williamsruto
39303612,@railaodinga
1262077778,@williamsruto
1262077778,@railaodinga
1650677138,@williamsruto
1650677138,@railaodinga
1475159683367411712,@williamsruto
1475159683367411712,@railaodinga
3300351310,@williamsruto
3300351310,@railaodinga
939465940856688640,@williamsruto
939465940856688640,@railaodinga
1487479680634654720,@williamsruto
1487479680634654720,@railaodinga
940013503087284224,@williamsruto
940013503087284224,@williamsruto
940013503087284224,@railaodinga
897064624050364416,@williamsruto
897064624050364416,@railaodinga
1113663236782555136,@williamsruto
3430248934,@williamsruto
3430248934,@williamsruto
3430248934,@railaodinga
92214434,@williamsruto
92214434,@railaodinga
1437123596112080896,@williamsruto
1437123596112080896,@railaodinga
99850898,@williamsruto
465511753,@williamsruto
465511753,@railaodinga
1035809403805556736,@williamsruto
1035809403805556736,@railaodinga
1670683963,@williamsruto
1670683963,@railaodinga
243769015,@williamsruto
243769015,@railaodinga
2547292226,@williamsruto
1236160629607673856,@williamsruto
1236160629607673856,@railaodinga
390858566,@williamsruto
390858566,@railaodinga
203825001,@williamsruto
203825001,@railaodinga
1725853778,@williamsruto
1725853778,@railaodinga
1175382081758814208,@williamsruto
1175382081758814208,@railaodinga
1282678871926755328,@williamsruto
1282678871926755328,@railaodinga
1499256028701020160,@williamsruto
1499256028701020160,@railaodinga
3315158973,@williamsruto
3315158973,@railaodinga
1226955518129922048,@williamsruto
1226955518129922048,@railaodinga
2196955977,@williamsruto
2196955977,@railaodinga
1453757015306690560,@williamsruto
1453757015306690560,@railaodinga
1487479680634654720,@williamsruto
101685951,@williamsruto
101685951,@railaodinga
1969017410,@williamsruto
1969017410,@railaodinga
1175382081758814208,@williamsruto
68382599,@williamsruto
68382599,@railaodinga
953279038138781696,@williamsruto
954251091771908096,@williamsruto
1207502099417849856,@williamsruto
1314383330,@williamsruto
390858566,@williamsruto
1422162942305443840,@williamsruto
1285642169869623296,@williamsruto
1236160629607673856,@williamsruto
940289038262693888,@williamsruto
138300043,@williamsruto
1670683963,@williamsruto
784675916140150784,@williamsruto
464866496,@williamsruto
1471475382209679360,@williamsruto
1343862429374160896,@williamsruto
1493484184794537984,@williamsruto
4864764693,@williamsruto
1475159683367411712,@williamsruto
1312673858248417280,@williamsruto
572534585,@williamsruto
1969017410,@williamsruto
773853960222478336,@williamsruto
3301475844,@williamsruto
1499256028701020160,@williamsruto
68382599,@williamsruto
4337965036,@williamsruto
1455521153242513408,@crystalbeautypl
566181766,@musaliamudavadi
566181766,@williamsruto
566181766,@sakajajohnson
2246570950,@musaliamudavadi
2246570950,@williamsruto
2246570950,@sakajajohnson
831473610736926720,@sheilasifuma
1192891412339183616,@williamsruto
1192891412339183616,@railaodinga
1192891412339183616,@citizentvkenya
1264280735164366848,@williamsruto
1264280735164366848,@railaodinga
1264280735164366848,@citizentvkenya
1032962263819411456,@nationafrica
1032962263819411456,@williamsruto
1032962263819411456,@railaodinga
1032962263819411456,@dci_kenya
3677470348,@williamsruto
3677470348,@railaodinga
3677470348,@citizentvkenya
958062854183247872,@williamsruto
958062854183247872,@railaodinga
958062854183247872,@citizentvkenya
1192894938108878848,@williamsruto
1192894938108878848,@railaodinga
1192894938108878848,@citizentvkenya
1437113789082652672,@williamsruto
1437113789082652672,@railaodinga
1437113789082652672,@citizentvkenya
366300522,@williamsruto
366300522,@oleitumbi
1103586017406259200,@williamsruto
1103586017406259200,@oleitumbi
2619206627,@honmoses_kuria
2619206627,@kwamatangi
2619206627,@honkabogo
442438826,@cynthiakimanyi1
2337261828,@standardkenya
747795756547969024,@cubesandcontainers
199274018,@standardkenya
1042501807866445824,@essyokenyuri
710185989998772224,@makaumutua
1314383330,@williamsruto
1314383330,@railaodinga
1314383330,@citizentvkenya
2246570950,@williamsruto
2246570950,@railaodinga
2246570950,@citizentvkenya
1489507340411936768,@williamsruto
1489507340411936768,@railaodinga
1489507340411936768,@citizentvkenya
133240434,@bkomun
796229131662979072,@oleitumbi
1437880340224385024,@jose_ochyberry
1437880340224385024,@lu_qme
1437880340224385024,@lu_qme
1437880340224385024,@lu_qme
1437880340224385024,@bcherich
1061131176423895040,@williamsruto
1061131176423895040,@railaodinga
1061131176423895040,@citizentvkenya
1061131176423895040,@nationafrica
1061131176423895040,@williamsruto
1061131176423895040,@railaodinga
1061131176423895040,@dci_kenya
1061131176423895040,@williamsruto
1061131176423895040,@oleitumbi
406816463,@wehliyemohamed
406816463,@ahmednasirlaw
980557318566924288,@muriithironny
973888984156987392,@muriithironny
99850898,@muriithironny
3398520663,@oleitumbi
988030423925129216,@tidmaster
259751516,@ababunamwamba
1082421722,@oleitumbi
1527303260800897024,@essyokenyuri
702145297225535488,@marthakarua
1419508312220082176,@vote_hopeke
349808167,@vincentmobe
349808167,@miltonojwang79
349808167,@beaty_ottawa
336375127,@marthakarua
212337086,@udakenya
1481964130210914304,@isaackmutai9
1481964130210914304,@womenruto
130473944,@williamsruto
911181242569302016,@oleitumbi
813764738106748928,@oleitumbi
1274004690683023360,@oleitumbi
2259413975,@honadenduale
954251091771908096,@essyokenyuri
1495401419867926528,@vote_hopeke
1501458464354279424,@essyokenyuri
1385644512400363520,@oleitumbi
1505738867441377280,@oleitumbi
996072396292546560,@oleitumbi
933303535642476544,@essyokenyuri
1897373484,@marthakarua
1195299843322855424,@williamsruto
1195299843322855424,@railaodinga
1195299843322855424,@citizentvkenya
1234177887214936064,@shikoessie2
1431245259493814272,@essyokenyuri
1248937236,@socrazy_254
1248937236,@udakenya
2267336859,@oleitumbi
1248937236,@joe_munene1
1270068287934730240,@marthakarua
1270068287934730240,@railaodinga
703138633415458816,@essyokenyuri
703138633415458816,@williamsruto
895651580099297280,@essyokenyuri
954801590115930112,@iankebenei
1234177887214936064,@marthakarua
1234177887214936064,@railaodinga
1248937236,@muriithironny
839314160,@essyokenyuri
598573081,@marthakarua
1248937236,@essyokenyuri
1248937236,@williamsmkenya
1248937236,@udapartyke
2561017788,@marthakarua
2561017788,@railaodinga
2561017788,@marthakarua
2561017788,@railaodinga
341392001,@jessesaruni
341392001,@skmusyoka
341392001,@williamsruto
341392001,@rigathi
341392001,@mtetezi_ke
341392001,@nickruto_
341392001,@speakerjbmuturi
341392001,@musaliamudavadi
341392001,@mosewetangula
364163058,@essyokenyuri
3408136797,@friedrichngumbi
2561017788,@marthakarua
2561017788,@railaodinga
2561017788,@marthakarua
2561017788,@railaodinga
516251892,@marthakarua
15915563,@joe_munene1
15915563,@williamsruto
15915563,@williamsruto
15915563,@railaodinga
15915563,@citizentvkenya
15915563,@williamsmkenya
15915563,@josenzana
15915563,@udapartyke
15915563,@essyokenyuri
15915563,@nationafrica
15915563,@williamsruto
15915563,@railaodinga
15915563,@dci_kenya
517331956,@oleitumbi
920535008779137024,@williamsruto
2489878024,@marthakarua
2894407781,@udakenya
1162352059556999168,@essyokenyuri
1399003123,@kingspaperworks
1399003123,@gadgetworld254
1202778552367755264,@hongachagua_
1217716241022046208,@williamsmkenya
415571762,@railaodinga
415571762,@musaliamudavadi
415571762,@mosewetangula
2522984991,@dissecthub
1482662852502687744,@marthakarua
448413867,@hongachagua_
1373993059436929024,@marthakarua
1077301359949565952,@marthakarua
926750014977617920,@marthakarua
1478965170546397184,@dissecthub
1126103768024735744,@musaliamudavadi
2561017788,@bonifacemwangi
2561017788,@marthakarua
1182341465479008256,@cynthiakimanyi1
2553692781,@kanuparty_ke
2553692781,@kanucongress
1259500757612670976,@oleitumbi
851905436580229120,@marthakarua
1392040471774572544,@williamsruto
1371328568282783744,@marthakarua
239818478,@maishatvke
942260766371086336,@dissecthub
1444154267405856768,@marthakarua
942260766371086336,@dissecthub
2561017788,@marthakarua
609727999,@oleitumbi
747795756547969024,@cubesandcontainers
1524497712418373632,@kithurekindiki_
1356904423822393344,@youtube
361455737,@oleitumbi
819177433127591936,@oleitumbi
1392040471774572544,@williamsruto
1392040471774572544,@railaodinga
1392040471774572544,@citizentvkenya
1172439818703257600,@oleitumbi
791928271592120320,@hebabuowino
99850898,@oleitumbi
1567529658,@vincentmobe
1567529658,@miltonojwang79
1567529658,@beaty_ottawa
3147483755,@nelsonhavi
575310473,@lu_qme
1563813548,@oleitumbi
829781320574332928,@railaodinga
773853960222478336,@oleitumbi
2537234963,@oleitumbi
1969017410,@oleitumbi
953279038138781696,@oleitumbi
3301475844,@oleitumbi
784689420385521664,@oleitumbi
1473186786344148992,@udapartyke
43661074,@oleitumbi
575310473,@lu_qme
1288039640243548160,@oleitumbi
1907010864,@oleitumbi
1155540297444708352,@oleitumbi
1298973193932333056,@essyokenyuri
857955089268580352,@williamsmkenya
575310473,@lu_qme
1294165377300271104,@essyokenyuri
4178383817,@evans_miloo
1489673373408010240,@iconske
1512654594584756224,@iconske
1259500757612670976,@essyokenyuri
1095001175177482240,@shikoessie2
2882699733,@leemakwiny
1437123596112080896,@kiongozigk
1437077235568160768,@iconske
1448223408425156608,@essyokenyuri
577349458,@essyokenyuri
255098080,@essyokenyuri
1276996006987661312,@womenruto
1276996006987661312,@gichagamwangi
1503404339527929856,@hon_rigathi
1276996006987661312,@hon_rigathi
1276996006987661312,@essyokenyuri
1503404339527929856,@gichagamwangi
763002600249778176,@wetangulam
763002600249778176,@musaliamudavadi
1503404339527929856,@williamsruto
1503404339527929856,@essyokenyuri
965830201807724544,@marthakarua
965830201807724544,@honkangata
1249246260,@essyokenyuri
2331682156,@essyokenyuri
985892691451023360,@sonkonews
1091968651652141056,@sonkonews
2991592641,@pauline
1361992519983185920,@jerrymarita
953297736924884992,@williamsruto
1518949650878939136,@jerrymarita
985892691451023360,@jerrymarita
1340942435753619456,@essyokenyuri
953297736924884992,@essyokenyuri
985892691451023360,@paulinenjau5
184289005,@williamsruto
184289005,@railaodinga
184289005,@citizentvkenya
243304509,@nationafrica
243304509,@williamsruto
243304509,@railaodinga
243304509,@dci_kenya
243304509,@oleitumbi
243304509,@citizentvkenya
243304509,@ntvkenya
3317485611,@williamsruto
1453321042802401280,@essyokenyuri
980294091467567104,@gichagamwangi
1490327449573507072,@essyokenyuri
3030355945,@
892324748574822400,@williamsruto
892324748574822400,@essyokenyuri
1433108113620602880,@honkangata
1433108113620602880,@honjamleckkamau
1433108113620602880,@railaodinga
78055602,@oleitumbi
78055602,@citizentvkenya
78055602,@ntvkenya
3768574637,@essyokenyuri
834334735170228224,@oleitumbi
834334735170228224,@williamsruto
834334735170228224,@zacbabel
1403808130228797440,@essyokenyuri
99850898,@essyokenyuri
4824339334,@marthakarua
1475753803676889088,@shikoessie2
1245404242803916800,@williamsruto
894137870948159488,@railaodinga
894137870948159488,@marthakarua
1215350692958916608,@crystalbeautypl
1190995731663990784,@virginhoffice
1215350692958916608,@virginhoffice
1371217584935288832,@virginhoffice
1482645083040145408,@virginhoffice
1371217584935288832,@crystalbeautypl
4872636304,@crystalbeautypl
4872636304,@virginhoffice
1453833164670087168,@virginhoffice
1453833164670087168,@crystalbeautypl
893709997716242432,@jose_ochyberry
1467931198357970944,@virginhoffice
1451890581274255360,@virginhoffice
1520098832763310080,@crystalbeautypl
1356476245844897792,@crystalbeautypl
1212364097003511808,@williamsruto
1461738016502857728,@williamsruto
1518949650878939136,@virginhoffice
1239650488859197440,@virginhoffice
1455521153242513408,@virginhoffice
1003809684749504512,@virginhoffice
1518949650878939136,@crystalbeautypl
1381863601376538624,@crystalbeautypl
1437880340224385024,@700k
1003809684749504512,@crystalbeautypl
1451890581274255360,@crystalbeautypl
1482645083040145408,@crystalbeautypl
1455521153242513408,@crystalbeautypl
1482645083040145408,@virginhoffice
884279874495631360,@williamsruto
884279874495631360,@railaodinga
884279874495631360,@citizentvkenya
3384307331,@williamsruto
3413089996,@williamsruto
892437648,@williamsruto
1186569587711774720,@williamsruto
902519384253575168,@williamsruto
1320599695564177408,@williamsruto
750877531,@railaodinga
750877531,@marthakarua
806168491661361152,@williamsruto
806168491661361152,@railaodinga
806168491661361152,@citizentvkenya
1210574636,@williamsruto
1151433658491953152,@williamsruto
1151433658491953152,@railaodinga
1151433658491953152,@citizentvkenya
1527699466676994048,@williamsruto
1527699466676994048,@railaodinga
1527699466676994048,@citizentvkenya
1373993059436929024,@railaodinga
1373993059436929024,@marthakarua
1473186786344148992,@williamsruto
1475426480553353216,@nationafrica
1475426480553353216,@williamsruto
1475426480553353216,@railaodinga
1475426480553353216,@dci_kenya
1514536479191621632,@williamsruto
1514536479191621632,@railaodinga
1514536479191621632,@citizentvkenya
1215094620,@nationafrica
1215094620,@williamsruto
1215094620,@railaodinga
1215094620,@dci_kenya
404875248,@williamsruto
404875248,@railaodinga
404875248,@citizentvkenya
4353714016,@williamsruto
4353714016,@railaodinga
4353714016,@citizentvkenya
1215094620,@williamsruto
223363269,@williamsruto
223363269,@railaodinga
223363269,@citizentvkenya
988307100,@williamsruto
1419411996022353920,@williamsruto
1421812310105014272,@shikoessie2
1505738867441377280,@nationafrica
1505738867441377280,@williamsruto
1505738867441377280,@railaodinga
1505738867441377280,@dci_kenya
1499447432740024320,@williamsruto
1331522236474388480,@railaodinga
1331522236474388480,@marthakarua
942376197702463488,@marthakarua
517331956,@nationafrica
517331956,@williamsruto
517331956,@railaodinga
517331956,@dci_kenya
1550442871,@williamsruto
2561017788,@railaodinga
2561017788,@marthakarua
1215350692958916608,@vip_sure_bets
1299724226337878016,@vip_sure_bets
1509613346,@williamsruto
1365684172140994560,@williamsruto
887285448,@marthakarua
1208457565937508352,@williamsruto
1249580571740852224,@marthakarua
1249580571740852224,@railaodinga
1455521153242513408,@vip_sure_bets
1123924863239053312,@vip_sure_bets
1518949650878939136,@vip_sure_bets
1348952741696204800,@vip_sure_bets
1395293493677940736,@vip_sure_bets
413038728,@vip_sure_bets
1239650488859197440,@vip_sure_bets
2945400202,@vip_sure_bets
1231861993914671104,@vip_sure_bets
18043755,@williamsruto
1368113962315833344,@vip_sure_bets
1248868475721994240,@vip_sure_bets
1403830521403265024,@vip_sure_bets
1003809684749504512,@vip_sure_bets
1482645083040145408,@vip_sure_bets
710736443736498176,@vip_sure_bets
988030423925129216,@tidmaster
1969017410,@williamsruto
1155540297444708352,@williamsruto
1155540297444708352,@railaodinga
1155540297444708352,@citizentvkenya
1455447586781995008,@williamsruto
322611246,@youtube
322611246,@ezraondara
2561017788,@marthakarua
279613200,@williamsruto
743723556840693760,@williamsruto
743723556840693760,@railaodinga
743723556840693760,@citizentvkenya
1245391158802604032,@vip_sure_bets
1245391158802604032,@vip_sure_bets
782973282802950144,@williamsruto
782973282802950144,@railaodinga
782973282802950144,@citizentvkenya
782973282802950144,@williamsruto
54986954,@nationafrica
54986954,@williamsruto
54986954,@railaodinga
54986954,@dci_kenya
1420762586,@nationafrica
1420762586,@williamsruto
1420762586,@railaodinga
1420762586,@dci_kenya
912224728861020160,@nationafrica
912224728861020160,@williamsruto
912224728861020160,@railaodinga
912224728861020160,@dci_kenya
1249246260,@mcshynne_ke
1407965891271270400,@marthakarua
1222275839494180864,@williamsruto
2561017788,@marthakarua
1259380139433091072,@williamsruto
1166579730855976960,@williamsruto
1267038829061472256,@williamsruto
243304509,@williamsruto
1343589637219119104,@williamsruto
1343589637219119104,@railaodinga
1343589637219119104,@citizentvkenya
1294165377300271104,@nationafrica
1294165377300271104,@williamsruto
1294165377300271104,@railaodinga
1294165377300271104,@dci_kenya
1294165377300271104,@williamsruto
1487893476582776832,@williamsruto
1487893476582776832,@railaodinga
1487893476582776832,@citizentvkenya
1414823293962657792,@nationafrica
1414823293962657792,@williamsruto
1414823293962657792,@railaodinga
1414823293962657792,@dci_kenya
1444255028064178176,@techniquespowe1for
1302752783578300416,@williamsruto
897064624050364416,@williamsruto
1175382081758814208,@williamsruto
452242832,@nationafrica
452242832,@williamsruto
452242832,@railaodinga
452242832,@dci_kenya
1360296311250124800,@nationafrica
1360296311250124800,@williamsruto
1360296311250124800,@railaodinga
1360296311250124800,@dci_kenya
1234659152,@williamsruto
452242832,@williamsruto
720569903,@williamsruto
1009076134401728512,@williamsruto
2155644233,@williamsruto
1565794764,@williamsruto
1447096094408781824,@williamsruto
2445180075,@williamsruto
921862233960927232,@williamsruto
2589308553,@williamsruto
2589308553,@railaodinga
2589308553,@citizentvkenya
2445180075,@williamsruto
2445180075,@railaodinga
2445180075,@citizentvkenya
1484089031625482240,@williamsruto
1272752368673861632,@williamsruto
283499192,@nationafrica
283499192,@williamsruto
283499192,@railaodinga
283499192,@dci_kenya
1876471026,@williamsruto
1876471026,@railaodinga
1876471026,@citizentvkenya
1188357065573650432,@williamsruto
2958751840,@williamsruto
2958751840,@railaodinga
2958751840,@citizentvkenya
633145155,@nationafrica
633145155,@williamsruto
633145155,@railaodinga
633145155,@dci_kenya
940013503087284224,@williamsruto
986087296897310720,@williamsruto
918507034378752000,@williamsruto
283499192,@williamsruto
1395293493677940736,@williamsruto
866620887159779328,@nationafrica
866620887159779328,@williamsruto
866620887159779328,@railaodinga
866620887159779328,@dci_kenya
2858287224,@williamsruto
2858287224,@railaodinga
2858287224,@citizentvkenya
1110483536161792000,@williamsruto
1276996006987661312,@williamsruto
956798962631168000,@nationafrica
956798962631168000,@williamsruto
956798962631168000,@railaodinga
956798962631168000,@dci_kenya
1400404795031175168,@williamsruto
1670683963,@williamsruto
1670683963,@railaodinga
1670683963,@citizentvkenya
1670683963,@nationafrica
1670683963,@williamsruto
1670683963,@railaodinga
1670683963,@dci_kenya
1670683963,@williamsruto
1960761854,@nationafrica
1960761854,@williamsruto
1960761854,@railaodinga
1960761854,@dci_kenya
1420762586,@williamsruto
1420762586,@railaodinga
1420762586,@citizentvkenya
2930489008,@railaodinga
2930489008,@marthakarua
819177433127591936,@williamsruto
3398520663,@williamsruto
3398520663,@railaodinga
3398520663,@citizentvkenya
1277170428667142144,@williamsruto
1277170428667142144,@railaodinga
1277170428667142144,@citizentvkenya
4104937337,@williamsruto
781751568349659136,@nationafrica
781751568349659136,@williamsruto
781751568349659136,@railaodinga
781751568349659136,@dci_kenya
1002826448212774912,@williamsruto
1002826448212774912,@railaodinga
1002826448212774912,@citizentvkenya
1445074239304998912,@williamsruto
842407104753352704,@williamsruto
1221318127411175424,@williamsruto
481040710,@williamsruto
481040710,@railaodinga
481040710,@citizentvkenya
745506012,@williamsruto
1116784841847078912,@williamsruto
1505738867441377280,@williamsruto
1505738867441377280,@railaodinga
1505738867441377280,@citizentvkenya
314443657,@williamsruto
1501498928306561024,@williamsruto
318650889,@williamsruto
1499447432740024320,@nationafrica
1499447432740024320,@williamsruto
1499447432740024320,@railaodinga
1499447432740024320,@dci_kenya
1443971139856912384,@williamsruto
1479370249631932416,@williamsruto
3255314446,@williamsruto
1506291998298361856,@williamsruto
1312377659993845760,@williamsruto
1312377659993845760,@williamsruto
1312377659993845760,@railaodinga
1312377659993845760,@citizentvkenya
1107173267448754176,@williamsruto
1070584438654943232,@williamsruto
1563813548,@williamsruto
1487804318652809216,@nationafrica
1487804318652809216,@williamsruto
1487804318652809216,@railaodinga
1487804318652809216,@dci_kenya
116014111,@nationafrica
116014111,@williamsruto
116014111,@railaodinga
116014111,@dci_kenya
1487804318652809216,@williamsruto
822311206530580480,@westsevenn
4780942037,@nationafrica
4780942037,@williamsruto
4780942037,@railaodinga
4780942037,@dci_kenya
1487804318652809216,@williamsruto
1487804318652809216,@railaodinga
1487804318652809216,@citizentvkenya
769789230130356224,@williamsruto
1929350952,@williamsruto
1453232840456478720,@williamsruto
1425071741643235328,@williamsruto
1425071741643235328,@railaodinga
1425071741643235328,@citizentvkenya
1709442834,@nationafrica
1709442834,@williamsruto
1709442834,@railaodinga
1709442834,@dci_kenya
1247382819984285696,@williamsruto
980104542619566080,@williamsruto
2190280149,@nationafrica
2190280149,@williamsruto
2190280149,@railaodinga
2190280149,@dci_kenya
973888984156987392,@williamsruto
980104542619566080,@nationafrica
980104542619566080,@williamsruto
980104542619566080,@railaodinga
980104542619566080,@dci_kenya
1709442834,@williamsruto
1709442834,@railaodinga
1709442834,@citizentvkenya
1172339870,@nationafrica
1172339870,@williamsruto
1172339870,@railaodinga
1172339870,@dci_kenya
848802793104093184,@williamsruto
2508084126,@williamsruto
2331682156,@williamsruto
956798962631168000,@williamsruto
956798962631168000,@railaodinga
956798962631168000,@citizentvkenya
781751568349659136,@williamsruto
1262257822886252544,@williamsruto
781751568349659136,@williamsruto
781751568349659136,@railaodinga
781751568349659136,@citizentvkenya
150620506,@nationafrica
150620506,@williamsruto
150620506,@railaodinga
150620506,@dci_kenya
1162352059556999168,@williamsruto
212539753,@nationafrica
212539753,@williamsruto
212539753,@railaodinga
212539753,@dci_kenya
1422162942305443840,@williamsruto
1590945654,@nationafrica
1590945654,@williamsruto
1590945654,@railaodinga
1590945654,@dci_kenya
951516184532353024,@williamsruto
951516184532353024,@railaodinga
951516184532353024,@citizentvkenya
1369651832981762048,@williamsruto
1172339870,@williamsruto
1172339870,@williamsruto
1172339870,@railaodinga
1172339870,@citizentvkenya
212539753,@williamsruto
1385644512400363520,@williamsruto
1032962263819411456,@williamsruto
1336002016796172288,@nationafrica
1336002016796172288,@williamsruto
1336002016796172288,@railaodinga
1336002016796172288,@dci_kenya
1246441702048641024,@williamsruto
865182291500441600,@williamsruto
1493484184794537984,@williamsruto
1023193794102091776,@williamsruto
942847634,@williamsruto
1253423451974455296,@williamsruto
97443396,@williamsruto
4844479168,@williamsruto
1241645565689167872,@williamsruto
1413042578686156800,@williamsruto
390858566,@williamsruto
1490274006238388224,@williamsruto
998424032084156416,@williamsruto
1444266781368061952,@williamsruto
1647817903,@williamsruto
516251892,@williamsruto
1186569587711774720,@williamsruto
1186569587711774720,@railaodinga
1186569587711774720,@citizentvkenya
1320343095058354176,@williamsruto
1740806809,@williamsruto
1159156941152800768,@williamsruto
1159156941152800768,@railaodinga
1159156941152800768,@citizentvkenya
1431629823525462016,@williamsruto
1320343095058354176,@williamsruto
1320343095058354176,@railaodinga
1320343095058354176,@citizentvkenya
1504021411274366976,@williamsruto
4234436067,@williamsruto
4234436067,@railaodinga
4234436067,@citizentvkenya
707573011466031104,@williamsruto
4023046335,@williamsruto
4023046335,@railaodinga
4023046335,@citizentvkenya
4023046335,@nationafrica
4023046335,@williamsruto
4023046335,@railaodinga
4023046335,@dci_kenya
609727999,@williamsruto
1907010864,@williamsruto
4023046335,@williamsruto
2267336859,@williamsruto
800022253815627776,@williamsruto
2341999346,@williamsruto
1467885035399307264,@williamsruto
996072396292546560,@williamsruto
1259500757612670976,@williamsruto
954251091771908096,@williamsruto
806168491661361152,@williamsruto
138300043,@williamsruto
842694889049612288,@williamsruto
1502780707,@williamsruto
1172439818703257600,@williamsruto
501725961,@williamsruto
1509087030655045632,@nationafrica
1509087030655045632,@williamsruto
1509087030655045632,@railaodinga
1509087030655045632,@dci_kenya
2195601763,@williamsruto
784689420385521664,@williamsruto
1509087030655045632,@williamsruto
951672404396429312,@williamsruto
890142050708008960,@williamsruto
3300351310,@williamsruto
68382599,@williamsruto
1479370249631932416,@williamsruto
1479370249631932416,@railaodinga
1479370249631932416,@citizentvkenya
1479370249631932416,@nationafrica
1479370249631932416,@williamsruto
1479370249631932416,@railaodinga
1479370249631932416,@dci_kenya
2195601763,@nationafrica
2195601763,@williamsruto
2195601763,@railaodinga
2195601763,@dci_kenya
255098080,@williamsruto
255098080,@railaodinga
255098080,@citizentvkenya
1419871483564863488,@dcijuja
1419871483564863488,@bkhaniri
1447096094408781824,@williamsruto
1447096094408781824,@railaodinga
1447096094408781824,@citizentvkenya
1490274006238388224,@nationafrica
1490274006238388224,@williamsruto
1490274006238388224,@railaodinga
1490274006238388224,@dci_kenya
865182291500441600,@williamsruto
865182291500441600,@railaodinga
865182291500441600,@citizentvkenya
1302752783578300416,@joe_munene1
582984655,@williamsruto
582984655,@railaodinga
582984655,@citizentvkenya
76274573,@williamsruto
76274573,@railaodinga
76274573,@citizentvkenya
1276996006987661312,@nationafrica
1276996006987661312,@williamsruto
1276996006987661312,@railaodinga
1276996006987661312,@dci_kenya
1276996006987661312,@williamsruto
1276996006987661312,@railaodinga
1276996006987661312,@citizentvkenya
1501498928306561024,@williamsruto
1501498928306561024,@railaodinga
1501498928306561024,@citizentvkenya
609727999,@nationafrica
609727999,@williamsruto
609727999,@railaodinga
609727999,@dci_kenya
609727999,@williamsruto
609727999,@railaodinga
609727999,@citizentvkenya
4780942037,@williamsruto
4780942037,@railaodinga
4780942037,@citizentvkenya
1202833128794013696,@williamsruto
1202833128794013696,@railaodinga
1202833128794013696,@citizentvkenya
996072396292546560,@nationafrica
996072396292546560,@williamsruto
996072396292546560,@railaodinga
996072396292546560,@dci_kenya
358054449,@williamsruto
358054449,@railaodinga
358054449,@citizentvkenya
516251892,@williamsruto
516251892,@railaodinga
516251892,@citizentvkenya
1212364097003511808,@williamsruto
1212364097003511808,@railaodinga
1212364097003511808,@citizentvkenya
1404661405,@williamsruto
1404661405,@railaodinga
1404661405,@citizentvkenya
954251091771908096,@nationafrica
954251091771908096,@williamsruto
954251091771908096,@railaodinga
954251091771908096,@dci_kenya
962838792,@nationafrica
962838792,@williamsruto
962838792,@railaodinga
962838792,@dci_kenya
819177433127591936,@nationafrica
819177433127591936,@williamsruto
819177433127591936,@railaodinga
819177433127591936,@dci_kenya
1013109845304795136,@nationafrica
1013109845304795136,@williamsruto
1013109845304795136,@railaodinga
1013109845304795136,@dci_kenya
785038700652748800,@williamsruto
785038700652748800,@railaodinga
785038700652748800,@citizentvkenya
1314167216275939328,@williamsruto
1314167216275939328,@railaodinga
1314167216275939328,@citizentvkenya
1336002016796172288,@williamsruto
1336002016796172288,@railaodinga
1336002016796172288,@citizentvkenya
1330013127287693312,@williamsruto
1330013127287693312,@railaodinga
1330013127287693312,@citizentvkenya
2539426672,@williamsruto
2539426672,@railaodinga
2539426672,@citizentvkenya
1280898534355742720,@
913102896014688256,@nationafrica
913102896014688256,@williamsruto
913102896014688256,@railaodinga
913102896014688256,@dci_kenya
1386963986848129024,@westsevenn
1253321967018500096,@nationafrica
1253321967018500096,@williamsruto
1253321967018500096,@railaodinga
1253321967018500096,@dci_kenya
3321040162,@williamsruto
3321040162,@railaodinga
3321040162,@citizentvkenya
4058150716,@williamsruto
4058150716,@railaodinga
4058150716,@citizentvkenya
1009076134401728512,@nationafrica
1009076134401728512,@williamsruto
1009076134401728512,@railaodinga
1009076134401728512,@dci_kenya
1192447088132538368,@williamsruto
1192447088132538368,@railaodinga
1192447088132538368,@citizentvkenya
1518642364851630080,@williamsruto
1518642364851630080,@railaodinga
1518642364851630080,@citizentvkenya
1009076134401728512,@williamsruto
1009076134401728512,@railaodinga
1009076134401728512,@citizentvkenya
1215174106334879744,@williamsruto
1215174106334879744,@railaodinga
1215174106334879744,@citizentvkenya
1386963986848129024,@westsevenn
1386963986848129024,@westsevenn
441162108,@williamsruto
441162108,@railaodinga
441162108,@citizentvkenya
2871488297,@dralfredmutua
1247382819984285696,@williamsruto
1247382819984285696,@railaodinga
1247382819984285696,@citizentvkenya
1494207227560869888,@jonngc
130473944,@williamsruto
130473944,@railaodinga
130473944,@citizentvkenya
1460713887263825920,@_kibetclinton
1460713887263825920,@levis_254
1386963986848129024,@_kibetclinton
1386963986848129024,@westsevenn
1386963986848129024,@williamsruto
1364520433572282368,@jonngc
1511267537497079808,@_kibetclinton
1929350952,@williamsruto
1929350952,@railaodinga
1929350952,@citizentvkenya
800022253815627776,@nationafrica
800022253815627776,@williamsruto
800022253815627776,@railaodinga
800022253815627776,@dci_kenya
1162352059556999168,@williamsruto
1162352059556999168,@railaodinga
1162352059556999168,@citizentvkenya
2748696600,@williamsruto
1246104677898506240,@williamsruto
1246104677898506240,@railaodinga
1246104677898506240,@citizentvkenya
980104542619566080,@williamsruto
980104542619566080,@railaodinga
980104542619566080,@citizentvkenya
2871488297,@dralfredmutua
1339638370557898752,@williamsruto
1339638370557898752,@railaodinga
1339638370557898752,@citizentvkenya
1259500757612670976,@williamsruto
1259500757612670976,@railaodinga
1259500757612670976,@citizentvkenya
43661074,@williamsruto
43661074,@railaodinga
43661074,@citizentvkenya
784689420385521664,@nationafrica
784689420385521664,@williamsruto
784689420385521664,@railaodinga
784689420385521664,@dci_kenya
1461319251575328768,@westsevenn
1054959386945314816,@williamsruto
1054959386945314816,@railaodinga
1054959386945314816,@citizentvkenya
1070584438654943232,@williamsruto
1070584438654943232,@railaodinga
1070584438654943232,@citizentvkenya
3301475844,@williamsruto
3301475844,@railaodinga
3301475844,@citizentvkenya
3301475844,@nationafrica
3301475844,@williamsruto
3301475844,@railaodinga
3301475844,@dci_kenya
733312328259756032,@gandalf_vih
1155834917319823360,@williamsruto
1155834917319823360,@railaodinga
1155834917319823360,@citizentvkenya
43661074,@nationafrica
43661074,@williamsruto
43661074,@railaodinga
43661074,@dci_kenya
1386963986848129024,@westsevenn
2436739682,@williamsruto
2436739682,@railaodinga
2436739682,@citizentvkenya
4076445881,@williamsruto
4076445881,@railaodinga
4076445881,@citizentvkenya
1218536040421560320,@nationafrica
1218536040421560320,@williamsruto
1218536040421560320,@railaodinga
1218536040421560320,@dci_kenya
1377546994508570624,@nationafrica
1377546994508570624,@williamsruto
1377546994508570624,@railaodinga
1377546994508570624,@dci_kenya
954251091771908096,@williamsruto
954251091771908096,@railaodinga
954251091771908096,@citizentvkenya
1414823293962657792,@williamsruto
1414823293962657792,@railaodinga
1414823293962657792,@citizentvkenya
742783907343544320,@williamsruto
742783907343544320,@railaodinga
742783907343544320,@citizentvkenya
786171493105426432,@dennoh_kelly
786171493105426432,@westsevenn
786171493105426432,@jonngc
1386963986848129024,@westsevenn
786171493105426432,@luciann254
786171493105426432,@luciann254
501725961,@williamsruto
501725961,@railaodinga
501725961,@citizentvkenya
2211930173,@mutaiobed
1266696795582799872,@williamsruto
1266696795582799872,@railaodinga
1266696795582799872,@citizentvkenya
813764738106748928,@williamsruto
813764738106748928,@railaodinga
813764738106748928,@citizentvkenya
786171493105426432,@bkhaniri
3413089996,@nationafrica
3413089996,@williamsruto
3413089996,@railaodinga
3413089996,@dci_kenya
1386963986848129024,@westsevenn
975252198635573248,@williamsruto
975252198635573248,@railaodinga
975252198635573248,@citizentvkenya
1210574636,@nationafrica
1210574636,@williamsruto
1210574636,@railaodinga
1210574636,@dci_kenya
928276574063022080,@nationafrica
928276574063022080,@williamsruto
928276574063022080,@railaodinga
928276574063022080,@dci_kenya
2267336859,@williamsruto
2267336859,@railaodinga
2267336859,@citizentvkenya
957966424072507392,@levis_254
755645818422628352,@williamsruto
755645818422628352,@railaodinga
755645818422628352,@citizentvkenya
911093941,@qosmow
2745170855,@williamsruto
2745170855,@railaodinga
2745170855,@citizentvkenya
1087620845453934592,@williamsruto
1087620845453934592,@railaodinga
1087620845453934592,@citizentvkenya
3316904407,@nationafrica
3316904407,@williamsruto
3316904407,@railaodinga
3316904407,@dci_kenya
102619105,@drmugogichuki
1524933644879536128,@levis_254
1263907735042691072,@williamsruto
1263907735042691072,@railaodinga
1263907735042691072,@citizentvkenya
1128638465896325120,@williamsruto
1128638465896325120,@railaodinga
1128638465896325120,@citizentvkenya
1210574636,@williamsruto
1210574636,@railaodinga
1210574636,@citizentvkenya
1524933644879536128,@westsevenn
267404703,@nationafrica
267404703,@williamsruto
267404703,@railaodinga
267404703,@dci_kenya
1499256028701020160,@nationafrica
1499256028701020160,@williamsruto
1499256028701020160,@railaodinga
1499256028701020160,@dci_kenya
962838792,@williamsruto
962838792,@railaodinga
962838792,@citizentvkenya
1668169393,@nationafrica
1668169393,@williamsruto
1668169393,@railaodinga
1668169393,@dci_kenya
1085444356054704128,@williamsruto
1085444356054704128,@railaodinga
1085444356054704128,@citizentvkenya
1044883577798893568,@nationafrica
1044883577798893568,@williamsruto
1044883577798893568,@railaodinga
1044883577798893568,@dci_kenya
115665808,@tim_kasimolo
103802543,@nationafrica
103802543,@williamsruto
103802543,@railaodinga
103802543,@dci_kenya
1193040632,@nationafrica
1193040632,@williamsruto
1193040632,@railaodinga
1193040632,@dci_kenya
1022944461222039552,@williamsruto
1022944461222039552,@railaodinga
1022944461222039552,@citizentvkenya
1199805281737347072,@williamsruto
1199805281737347072,@railaodinga
1199805281737347072,@citizentvkenya
2832582316,@nationafrica
2832582316,@williamsruto
2832582316,@railaodinga
2832582316,@dci_kenya
875932662338334720,@williamsruto
875932662338334720,@railaodinga
875932662338334720,@citizentvkenya
224126124,@tim_kasimolo
102619105,@tim_kasimolo
4373160267,@nationafrica
4373160267,@williamsruto
4373160267,@railaodinga
4373160267,@dci_kenya
1475159683367411712,@williamsruto
1475159683367411712,@railaodinga
1475159683367411712,@citizentvkenya
1490327449573507072,@williamsruto
1490327449573507072,@railaodinga
1490327449573507072,@citizentvkenya
716566674430902272,@williamsruto
716566674430902272,@railaodinga
716566674430902272,@citizentvkenya
4373160267,@williamsruto
4373160267,@railaodinga
4373160267,@citizentvkenya
902519384253575168,@nationafrica
902519384253575168,@williamsruto
902519384253575168,@railaodinga
902519384253575168,@dci_kenya
1172439818703257600,@nationafrica
1172439818703257600,@williamsruto
1172439818703257600,@railaodinga
1172439818703257600,@dci_kenya
264022432,@williamsruto
264022432,@railaodinga
264022432,@citizentvkenya
863834392220884992,@nationafrica
863834392220884992,@williamsruto
863834392220884992,@railaodinga
863834392220884992,@dci_kenya
998424032084156416,@williamsruto
998424032084156416,@railaodinga
998424032084156416,@citizentvkenya
911243052353716224,@williamsruto
911243052353716224,@railaodinga
911243052353716224,@citizentvkenya
2730412739,@williamsruto
2730412739,@railaodinga
2730412739,@citizentvkenya
1385644512400363520,@williamsruto
1385644512400363520,@railaodinga
1385644512400363520,@citizentvkenya
1526939113181663232,@williamsruto
1526939113181663232,@railaodinga
1526939113181663232,@citizentvkenya
1044883577798893568,@williamsruto
1044883577798893568,@railaodinga
1044883577798893568,@citizentvkenya
1249246260,@williamsruto
1249246260,@railaodinga
1249246260,@citizentvkenya
953297736924884992,@williamsruto
953297736924884992,@railaodinga
953297736924884992,@citizentvkenya
1889919132,@nationafrica
1889919132,@williamsruto
1889919132,@railaodinga
1889919132,@dci_kenya
1563813548,@nationafrica
1563813548,@williamsruto
1563813548,@railaodinga
1563813548,@dci_kenya
953279038138781696,@nationafrica
953279038138781696,@williamsruto
953279038138781696,@railaodinga
953279038138781696,@dci_kenya
2397320446,@williamsruto
2397320446,@railaodinga
2397320446,@citizentvkenya
1969017410,@williamsruto
1969017410,@railaodinga
1969017410,@citizentvkenya
1969017410,@nationafrica
1969017410,@williamsruto
1969017410,@railaodinga
1969017410,@dci_kenya
1110483536161792000,@nationafrica
1110483536161792000,@williamsruto
1110483536161792000,@railaodinga
1110483536161792000,@dci_kenya
921862233960927232,@williamsruto
921862233960927232,@railaodinga
921862233960927232,@citizentvkenya
1262257822886252544,@nationafrica
1262257822886252544,@williamsruto
1262257822886252544,@railaodinga
1262257822886252544,@dci_kenya
2405604923,@williamsruto
2405604923,@railaodinga
2405604923,@citizentvkenya
2148527212,@williamsruto
2148527212,@railaodinga
2148527212,@citizentvkenya
452242832,@williamsruto
452242832,@railaodinga
452242832,@citizentvkenya
889131275994492928,@nationafrica
889131275994492928,@williamsruto
889131275994492928,@railaodinga
889131275994492928,@dci_kenya
1265283920062447616,@williamsruto
1265283920062447616,@railaodinga
1265283920062447616,@citizentvkenya
2290316231,@williamsruto
2290316231,@railaodinga
2290316231,@citizentvkenya
1091292192,@williamsruto
1091292192,@railaodinga
1091292192,@citizentvkenya
1055595997164900352,@williamsruto
1055595997164900352,@railaodinga
1055595997164900352,@citizentvkenya
4145432705,@nationafrica
4145432705,@williamsruto
4145432705,@railaodinga
4145432705,@dci_kenya
372410397,@williamsruto
372410397,@railaodinga
372410397,@citizentvkenya
729631037542780928,@williamsruto
729631037542780928,@railaodinga
729631037542780928,@citizentvkenya
1153572062620999680,@nationafrica
1153572062620999680,@williamsruto
1153572062620999680,@railaodinga
1153572062620999680,@dci_kenya
1907010864,@nationafrica
1907010864,@williamsruto
1907010864,@railaodinga
1907010864,@dci_kenya
801334893196275712,@nationafrica
801334893196275712,@williamsruto
801334893196275712,@railaodinga
801334893196275712,@dci_kenya
68382599,@nationafrica
68382599,@williamsruto
68382599,@railaodinga
68382599,@dci_kenya
2517581567,@williamsruto
2517581567,@railaodinga
2517581567,@citizentvkenya
1668169393,@williamsruto
1668169393,@railaodinga
1668169393,@citizentvkenya
2341999346,@williamsruto
2341999346,@railaodinga
2341999346,@citizentvkenya
1490274006238388224,@williamsruto
1490274006238388224,@railaodinga
1490274006238388224,@citizentvkenya
1100388647671607296,@williamsruto
1100388647671607296,@railaodinga
1100388647671607296,@citizentvkenya
839314160,@williamsruto
839314160,@railaodinga
839314160,@citizentvkenya
1515738854636072960,@williamsruto
1515738854636072960,@railaodinga
1515738854636072960,@citizentvkenya
1032962263819411456,@williamsruto
1032962263819411456,@railaodinga
1032962263819411456,@citizentvkenya
141161332,@williamsruto
141161332,@railaodinga
141161332,@citizentvkenya
784689420385521664,@williamsruto
784689420385521664,@railaodinga
784689420385521664,@citizentvkenya
1090351089390678016,@williamsruto
1090351089390678016,@railaodinga
1090351089390678016,@citizentvkenya
1563813548,@williamsruto
1563813548,@railaodinga
1563813548,@citizentvkenya
1262257822886252544,@williamsruto
1262257822886252544,@railaodinga
1262257822886252544,@citizentvkenya
1218536040421560320,@williamsruto
1218536040421560320,@railaodinga
1218536040421560320,@citizentvkenya
1436055445454659584,@williamsruto
1436055445454659584,@railaodinga
1436055445454659584,@citizentvkenya
1172439818703257600,@williamsruto
1172439818703257600,@railaodinga
1172439818703257600,@citizentvkenya
986087296897310720,@williamsruto
986087296897310720,@railaodinga
986087296897310720,@citizentvkenya
928276574063022080,@williamsruto
928276574063022080,@railaodinga
928276574063022080,@citizentvkenya
1527303260800897024,@williamsruto
1527303260800897024,@railaodinga
1527303260800897024,@citizentvkenya
923140136,@williamsruto
923140136,@railaodinga
923140136,@citizentvkenya
633145155,@williamsruto
633145155,@railaodinga
633145155,@citizentvkenya
805138455068024832,@williamsruto
805138455068024832,@railaodinga
805138455068024832,@citizentvkenya
1431629823525462016,@williamsruto
1431629823525462016,@railaodinga
1431629823525462016,@citizentvkenya
802528963390271488,@williamsruto
802528963390271488,@railaodinga
802528963390271488,@citizentvkenya
1187623688604176384,@williamsruto
1187623688604176384,@railaodinga
1187623688604176384,@citizentvkenya
1063861845155565568,@williamsruto
1063861845155565568,@railaodinga
1063861845155565568,@citizentvkenya
1246534299815469056,@williamsruto
1246534299815469056,@railaodinga
1246534299815469056,@citizentvkenya
3107772934,@williamsruto
3107772934,@railaodinga
3107772934,@citizentvkenya
2195601763,@williamsruto
2195601763,@railaodinga
2195601763,@citizentvkenya
1314383330,@williamsruto
1314383330,@railaodinga
1314383330,@citizentvkenya
314443657,@williamsruto
314443657,@railaodinga
314443657,@citizentvkenya
342084869,@williamsruto
342084869,@railaodinga
342084869,@citizentvkenya
2827640430,@williamsruto
2827640430,@railaodinga
2827640430,@citizentvkenya
1044624938857058304,@williamsruto
1044624938857058304,@railaodinga
1044624938857058304,@citizentvkenya
2508084126,@williamsruto
2508084126,@railaodinga
2508084126,@citizentvkenya
1417781174987071488,@williamsruto
1417781174987071488,@railaodinga
1417781174987071488,@citizentvkenya
1400404795031175168,@williamsruto
1400404795031175168,@railaodinga
1400404795031175168,@citizentvkenya
973888984156987392,@williamsruto
973888984156987392,@railaodinga
973888984156987392,@citizentvkenya
819177433127591936,@williamsruto
819177433127591936,@railaodinga
819177433127591936,@citizentvkenya
873926261546070016,@williamsruto
873926261546070016,@railaodinga
873926261546070016,@citizentvkenya
800022253815627776,@williamsruto
800022253815627776,@railaodinga
800022253815627776,@citizentvkenya
283499192,@williamsruto
283499192,@railaodinga
283499192,@citizentvkenya
1335081605120086016,@williamsruto
1335081605120086016,@railaodinga
1335081605120086016,@citizentvkenya
867954612,@williamsruto
867954612,@railaodinga
867954612,@citizentvkenya
1110483536161792000,@williamsruto
1110483536161792000,@railaodinga
1110483536161792000,@citizentvkenya
1907010864,@williamsruto
1907010864,@railaodinga
1907010864,@citizentvkenya
3162366058,@williamsruto
3162366058,@railaodinga
3162366058,@citizentvkenya
892324748574822400,@williamsruto
892324748574822400,@railaodinga
892324748574822400,@citizentvkenya
68382599,@williamsruto
68382599,@railaodinga
68382599,@citizentvkenya
